customer_id,name,email,phone,city,country
1,lisa johnson,patriciaschultz@example.org,-9893316156,Bryantside,Kenya
2,connor solis,smithbenjamin@example.com,-7251690869,ERICVILLE,Central African Republic
3,Benjamin Jacobson,chris80@example.net,-6698902419, Hamptonchester ,namibia
4,marissa woods,matthewjones@example.com,-9725610890,New Jamesfort,british virgin islands
5,NATALIE CHOI,cmcdonald@example.net,-8293183564, Duanestad ,SAINT PIERRE AND MIQUELON
6,CARRIE SANCHEZ,umoon@example.com,-7909090956,andersonmouth, Cocos (Keeling) Islands 
7,steven chandler,rrobertson@example.org,-8375253668,mariashire,belize
8, Latasha Wallace ,abigailburke@example.net,-9021042443,CHAMBERSBERG,BRAZIL
9,justin rodriguez,zachary55@example.org,-9916995188,Valeriefurt,united arab emirates
10,DAMON ADAMS,chelseasimpson@example.net,-9405291121,North Taylor, Netherlands Antilles 
11, Kyle Smith ,katherinegreene@example.net,-6005407910,Port Danielside,switzerland
12,MICHAEL HARRIS,mollyhobbs@example.com,-6643037850,PORT COLLEENTOWN,honduras
13, Edward Molina ,hnichols@example.com,-7333454377,BAILEYBERG,MOLDOVA
14,JENNIFER WOOD,anna44@example.com,-9560720943,Lake Devonstad,brunei darussalam
15,melissa allen,bfreeman@example.com,-9865437199,East Terriburgh,ECUADOR
16,Brett Munoz,roy67@example.net,-9111340848,diamondville,samoa
17, Tina Weber ,eric39@example.net,-7550919329, North Heidiborough ,Anguilla
18,cathy rios,sarahflores@example.net,-6002935264,Wernerstad,Senegal
19,NATALIE RODRIGUEZ,bgonzalez@example.org,-7583755644,Margaretburgh,aruba
20, Kathleen Orr ,kelly71@example.net,-9997965059,West Karen,Malaysia
21, Shawn Cox ,meyerashley@example.org,-9771250356,MEGANSIDE,tunisia
22, Steven Bean ,michael80@example.net,-9037236276, Bruceport ,Lao People's Democratic Republic
23,MICHAEL BEASLEY,camposamy@example.com,-9972073037, Hobbsview ,Botswana
24,RHONDA WILLIAMS,ramirezxavier@example.org,-8443288180,johnsonmouth,Paraguay
25, Dr. Julie Wolfe ,deleonrachel@example.net,-9210285669,new jordan,jersey
26, Yvette Moore ,rogerskevin@example.org,-9498072331,Austintown,Tanzania
27,david williams,toddgary@example.org,-6598629357,west cynthiatown,BURUNDI
28,lydia torres,davisjames@example.net,-7693340245,williamsville,ICELAND
29,PATRICIA SMITH,vmarks@example.org,-9612052487, Thomasborough ,Liberia
30, Justin Mitchell ,deancindy@example.net,-9556077267,williamsbury,Egypt
31,Kristin Miller,huntchristine@example.net,-8807616157, North Troyberg ,SERBIA
32, Alicia Mcdonald ,michael74@example.net,-8273201804,New Jamesberg,SRI LANKA
33,STEPHANIE BAKER,twalters@example.com,-8414115159, New Rhondamouth ,nauru
34,christopher miller,jwhite@example.org,-6553280887,Seanside,cuba
35,Eric Wilson,ajohnson@example.org,-6607626928,west kelly,NEW CALEDONIA
36,Hayley Lee,jeremiah81@example.org,-9304604143,JACKSONTON,Bahamas
37, Frank Lewis ,ericfreeman@example.com,-6713569560,SOUTH CHARLOTTEVILLE, Uganda 
38, Phillip Lewis ,michaelsanchez@example.com,-6319863857,Fisherchester,Lithuania
39,CHRISTOPHER GARCIA,pamela47@example.org,-8561001998,west leeside,Sierra Leone
40,Cindy Fleming,jillschroeder@example.net,-7127929671, Alisonberg ,Guyana
41,Laurie Summers,cjohnson@example.com,-9487892984,barbaraberg,Sweden
42,Alison Roberts,chris77@example.com,-9951223513,North Adam,bahamas
43,david warner,robert23@example.net,-9194095314,PORT MOLLY, Iraq 
44,karen patel,wigginsjeffrey@example.net,-9117436744,NORTH PATRICIA,CHILE
45,CHRISTINE ANDERSON,clarkjoanne@example.net,-8423620969,New Bruceberg,United States Virgin Islands
46,gail simmons,ashleyrogers@example.com,-7163525844,NEW JAMIE,GHANA
47,Joseph Clark,dcooper@example.net,-7808123781, South Kathy , Saint Barthelemy 
48,Mario Hart,henry52@example.org,-9336515506,robertsside,algeria
49,VICKI HINES,larsenrachel@example.net,-6593931466,PHILIPSTAD,algeria
50, Mallory Lewis ,bstewart@example.net,-9140735446,Beanchester,Anguilla
51,ERICA BURKE,obrown@example.net,-6333616888,east angela,Cote d'Ivoire
52, Kelly Palmer ,allencody@example.com,-9199463096, South Rebecca ,belize
53,REBECCA CHAN,prestonedwin@example.net,-7348353690,REESEBURY, Zambia 
54,Christopher Sanchez,shermanchristopher@example.org,-8311841554, West Jason ,Honduras
55,WENDY HUERTA,andrewsjose@example.org,-8517496166,Port Robert,British Indian Ocean Territory (Chagos Archipelago)
56,denise drake,bbarker@example.net,-7301482188,Crystaltown,GUINEA-BISSAU
57,SHAWN TORRES,karenknight@example.org,-9663995554,MONTESFORT,saint barthelemy
58,Mrs. Linda Johnson DDS,cookrobert@example.net,-7929550049,south amandafurt,Netherlands
59,Amanda Cline,cardenasalex@example.com,-8124705858,brightland,GAMBIA
60,HENRY BISHOP,zwagner@example.net,-9549046275,barbarabury,Lao People's Democratic Republic
61,Danielle Johnson,itrujillo@example.net,-6480898992, Andrewberg ,eritrea
62,john davis,jensendanny@example.com,-9349686101, South Connieland , Malawi 
63,XAVIER PHILLIPS,eramirez@example.org,-6590611258,SOUTH MARTIN,GUYANA
64, Jordan Fletcher ,stephaniehansen@example.org,-9399957555, Harrishaven ,Monaco
65,Megan Olson,christie66@example.net,-8000624207,PORT MANUEL,pitcairn islands
66, Julie Lee ,brownjoyce@example.net,-8227897935, North Mariahside , Lithuania 
67,elaine christian,leahrichardson@example.com,-8165305658, South Ericberg ,HAITI
68,JASON WELCH,ubenson@example.net,-6600532072, South Daniel ,FAROE ISLANDS
69,Melissa Chan,annavasquez@example.net,-7235774276,MISTYCHESTER,yemen
70,Brooke Bryant,reyesjoseph@example.org,-6167958982,brycemouth,ARGENTINA
71,andrew benitez,emartin@example.com,-9960816597, Leahfort ,SURINAME
72,CAROLINE LAWSON,howardpetty@example.net,-9239392026, Vaughanville ,mongolia
73,katrina davis,kristinaellis@example.org,-9176443192,robertsonfurt,Cook Islands
74,DAVID SMITH,angelaharris@example.org,6301337977, Victoriahaven ,Pitcairn Islands
75, Mark Reese ,odonnellheather@example.com,-9264094292,ROBERTSTAD,russian federation
76, Gregory Riley ,fterry@example.com,-8713175110,east robert,CANADA
77, Ronald Banks ,destinybutler@example.com,-6975021237,Josephchester, Cape Verde 
78,LATASHA GILLESPIE,richardharris@example.org,-7672974964,Taylorland,jordan
79,Victor Martinez,diazbrenda@example.org,-7134004221, South Christopher ,marshall islands
80, Carrie Frazier ,jason46@example.org,-9223452664,North Alexander, Ireland 
81,Mia Wallace,msilva@example.net,-8592175899,North Randyland, Senegal 
82,janet robinson,thomasedwin@example.com,-9380379815,sandovalmouth,Chad
83,TERESA GREEN,phillipsjoseph@example.com,-7611964217,West Joseside,MALAYSIA
84,stanley smith,vhammond@example.org,-7518095382, Andersontown , Bermuda 
85,edward stanley,linda13@example.net,-6501640522,WEST JULIE, Vietnam 
86,CASEY RAMOS,jeffrey78@example.org,-7340277916,Jesusville, Mayotte 
87, Kristin Payne ,kariarellano@example.org,-6871122417,EAST JANET,GERMANY
88,carrie ward,robertpowell@example.org,-9385369583,brandonshire, Belgium 
89, Jennifer Allen ,jasonhaynes@example.org,-8223024465,MONROESIDE,N/A
90,TINA LEONARD,nparker@example.net,-7025767503,MARGARETSTAD,IRAQ
91,brett larsen md,morrowbenjamin@example.com,-9056586796,Lisamouth,hong kong
92,rebekah walsh,laramark@example.net,-9656640472,KARENMOUTH,DJIBOUTI
93,John Jones,brownjoseph@example.org,-7871244592,Jenningsfort, Japan 
94,bradley dennis,samantha68@example.org,-8653139573,East Heatherfurt,Guam
95,David Simpson,valenciamike@example.org,-7679403258, Elizabethville ,brazil
96,Stephanie Jenkins,nelsonheather@example.com,-7516886731, Bakerton , Jamaica 
97,Matthew Casey,lisa02@example.com,-8351308323,Samanthabury,martinique
98,Bryan Bradley,david37@example.com,-6711312726,LAKE NANCYBURGH,Botswana
99,WILLIE POWELL,whitescott@example.org,-7913672420,Amymouth, Turkey 
100,Ashley Medina,nicholas54@example.com,-6016850654,LAKE TARA,UZBEKISTAN
101,DONNA GALVAN,pherring@example.org,-8007656286,New Johnchester,benin
102, Brianna Navarro ,eric67@example.com,-7486322147,LOVETOWN,azerbaijan
103,michael garner,nelsonterri@example.com,-6583415749,VANESSAPORT, Taiwan 
104,Craig King,test@.com,-9898662487,Lake Ryan,Oman
105, Kayla Jordan ,timothymcpherson@example.net,-6331249694,Arthurstad,Uganda
106, Melissa Miller ,ryandavis@example.com,-6220471849,south kelsey, Australia 
107,JENNIFER HERNANDEZ,craigpeterson@example.com,-6477370030,patrickbury,Botswana
108, Jessica Lee ,carterstephen@example.org,-9303728545, North Carolyn ,san marino
109, Kathryn Martin ,michelle12@example.org,-6244416972,jessicahaven, Madagascar 
110,chad bridges,mhutchinson@example.org,-7675151167,New Michaelville,Saint Helena
111,nicholas wang,jessica62@example.com,-6107075140,new jamesfurt,GREENLAND
112,susan carr,williamsonbryan@example.net,,LAKE HOLLY,Gambia
113,David Martin,johnsoncarla@example.org,-9772638574, Emilyfort ,sierra leone
114, Andrew Jones ,qfisher@example.net,-8185163848,port donnatown,cambodia
115,AMY LOWERY,pbarnes@example.net,-8169355056,JOSEPHFORT,Sudan
116,daniel nelson,danielclements@example.org,-7026231577,LAKE MEGANTOWN, Maldives 
117,RONALD WALKER,raymaria@example.com,-6140221105,Justinview,netherlands
118,nathan calderon,ngraham@example.org,-6582033944,Port Tiffany,Mayotte
119,diana may,tylerpittman@example.org,-8467210636, West Wesleyhaven ,luxembourg
120,Douglas Haynes,,-7797907751, Lake Joantown ,Saudi Arabia
121,roger foster,ovincent@example.net,-8360048628,leeborough,Sweden
122,julie edwards,brownmichael@example.net,-7944622986,Kimberlyberg,JAMAICA
123,Amanda Mullins,nicholas79@example.org,-7711729458,east ryantown,benin
124, Linda Johnson ,vanessa58@example.com,-9267299561,BRADSHAWMOUTH,Western Sahara
125,Ashley Lane,clarkmichael@example.net,-9619564526,kellyport,palau
126, Tamara Davis ,sierra08@example.com,-9868372550,christineville,LUXEMBOURG
127, Christopher George ,hansonkenneth@example.com,-7116404939,durhamport,DOMINICA
128,JENNIFER JAMES,james60@example.net,-8414566513,Chadstad,Azerbaijan
129,Traci Weber,rparker@example.com,-6233802403,solomonburgh,Norfolk Island
130,Donna Martin,annawood@example.org,-9249102821,Kelseyfurt,Solomon Islands
131,haley berger,michaelgriffith@example.org,12345,Loriside,san marino
132, Elizabeth Cline ,whicks@example.com,-9018091958,,suriname
133, William Ramirez ,martinjimmy@example.net,-9589376896, Calebside ,Sierra Leone
134,DYLAN BOONE,randy22@example.net,-8346406951,carrieville,cape verde
135,Mathew Flores,stephanie87@example.com,-8683484756,kellyton,mongolia
136,dr. john frazier,brent35@example.org,-8193188265, Lake Jessicaberg ,Jamaica
137,BETHANY KEY,pvaldez@example.net,-8410206918,port sharonburgh,costa rica
138,Kathryn Freeman,stephanie20@example.net,-9447293021, Port William ,congo
139,JAKE PEREZ,annebrown@example.org,-8032036591, Gomezshire ,
140,CHRISTINE PALMER,ibrown@example.com,-7664853839, South David ,Cook Islands
141,william williams,desireejohnson@example.net,-9483578911, Christianland ,Saint Kitts and Nevis
142,Laura Graves,mthomas@example.com,-8114803165,WESTVIEW,macao
143,stacy riggs,sscott@example.org,-9023682832,HANSENLAND,TUVALU
144,xavier silva,qsnyder@example.org,-8752094480, Hartmanside ,croatia
145,George Reid,steven72@example.com,-7837787186,YOLANDAHAVEN,lithuania
146,heather green,bstone@example.net,-7030770741, Doughertybury ,cyprus
147,edward hernandez,sharonfrancis@example.com,-8126991943,dudleymouth,eritrea
148, Nancy Greer ,watsonrebecca@example.org,-7854072636, Danielleborough ,GRENADA
149,shannon vargas,emily40@example.com,-8252879255,craigshire,French Polynesia
150,Kimberly Stone,travis08@example.com,-7189639964, Hayesstad ,BURUNDI
151,robert wade,lewischristopher@example.com,-6883905033,south michael, Swaziland 
152,John Ferguson,wrightrobin@example.net,-9596136362,schmidtmouth,Falkland Islands (Malvinas)
153,Jason Werner,mcdowelljesus@example.net,-9157141241,North Chasemouth,uganda
154,richard rogers,gutierrezwilliam@example.net,-7681682316,EAST DAVID,iran
155,Joseph Cortez,lorifranklin@example.net,12345,griffinborough,eritrea
156,cory gibson,barryjesse@example.com,-9013731447,south lindsay,NAURU
157,brett watts,zpatton@example.com,-7251792314,Matthewbury, Zimbabwe 
158,ALEXANDRA GREEN,jenniferfrey@example.org,-7944202408,jaymouth, Germany 
159, Cory Cook ,matthewcaldwell@example.net,-7265425371, Lake Charlestown ,Dominica
160,Mr. Dennis Munoz,wrightjoshua@example.net,-6140392979, North Dawntown , Bangladesh 
161,tara mcdaniel,amber32@example.org,-9702458049,Garnershire,GREECE
162, Jack Gonzales ,alan22@example.net,-6874097501,JONESFORT,Germany
163,DAVID BRADY,sullivanvanessa@example.net,-8647124531,west stephanieshire,swaziland
164, Christian Mcdonald ,dixonbecky@example.com,-8278520102,LAKE JORGE,monaco
165,Marcus Mclaughlin,susan60@example.com,-8870024300,SOUTH STEPHANIE,Brunei Darussalam
166,heather stephens,ounderwood@example.net,-9627657917,melvinland, Timor-Leste 
167,thomas wells,gailmontgomery@example.net,-7742734710,Lake Yolandafort,TURKS AND CAICOS ISLANDS
168,jacob ferguson,david84@example.com,-7475203030,LAKE JOHN,british indian ocean territory (chagos archipelago)
169,BENJAMIN BLACK,rwade@example.org,-9478870937, Lake Josephchester ,BOSNIA AND HERZEGOVINA
170,jason nguyen,alyssaphillips@example.org,-9782488498, West Deborahchester , Spain 
171,brian oneill,gloriahernandez@example.net,-8090368694,CASEYBOROUGH,lao people's democratic republic
172, Kyle Boyd ,ojones@example.com,-6133963735,bryanchester,Gibraltar
173,Tyler Brady,amy06@example.com,-7047595070,hallville,bangladesh
174,EDWARD JACKSON,hobbschristina@example.org,-6192024116, New Brittanystad , Saint Lucia 
175,NOAH KIDD,mlewis@example.com,-6539856836,RAYMONDMOUTH,liberia
176,sonya miles,briansmith@example.com,-6080705143,richardfort,Nepal
177,Sheila Herman,natashamack@example.net,-9433845931,Burnsstad,IRAQ
178,MARIA SMITH,megan16@example.com,-9115053051,EAST JIMMY,GRENADA
179,JEFFREY MARTINEZ,schultzdebra@example.org,-8332925424,ASHLEYFORT,Tokelau
180,Janice Austin,epearson@example.com,-6264932895, Stephenfort ,EQUATORIAL GUINEA
181,larry glover,michelle98@example.org,-8815153468,WEST DAVID, Holy See (Vatican City State) 
182,tammy richmond,greenrobert@example.com,-7958441430,MARSHALLMOUTH,estonia
183,darrell ross,brian45@example.com,-6738038844,Smithborough,bolivia
184,melinda williams,darylburgess@example.org,-8170616568,SOTOVIEW,UNITED KINGDOM
185, Robert Clark ,lvargas@example.com,-8548971784, Mullenport , Sri Lanka 
186,MARY ROBERTS,john34@example.net,-8947136799,New Bryan, Morocco 
187,ADAM LUCAS,eric80@example.com,-6589413305,Garciatown,Saint Helena
188,John Garrett,angelamichael@example.org,-6795465915,cartermouth,Pitcairn Islands
189, Kimberly Cook ,twatson@example.net,-6407406856,west erik, Kazakhstan 
190, Kristina Cox ,baileysamuel@example.org,-6414852250,South Casey, Pakistan 
191, David Anderson ,test@.com,-6849356035,ROBERTSTOWN,KOREA
192, Patricia Wilson ,hammondjon@example.net,-8448449437,Lake Kim,Puerto Rico
193,THOMAS SMALL,mcmillanlori@example.org,-9471875135,GALLOWAYFORT,Burkina Faso
194,Elizabeth Franklin,williampollard@example.com,-9575608401,tammyville,SAMOA
195, Gabriella Peters ,christopherfaulkner@example.org,-9806627148,south cory,CHILE
196,CORY COLEMAN,lynnbethany@example.org,-6262498128, Christopherview , Philippines 
197, Patrick Riley ,kimberlytanner@example.org,-6159121753, Simpsontown ,mauritius
198,DEBRA CARDENAS,deborahmorales@example.net,-7415139600,judithfort,TANZANIA
199,julie calhoun,heidimarsh@example.net,-9604399718, Port Nicholasburgh ,saint kitts and nevis
200, James James ,daviscynthia@example.net,-7099593121,Cranechester,Jamaica
201, Teresa Lam ,william03@example.org,-6007083169,Garciaborough,paraguay
202,SAMANTHA ROY,marialandry@example.com,-9586844297,MURPHYFORT, Niger 
203, Ronnie Morse ,kimberlyboyd@example.org,-9351754035,west devinton,lithuania
204,MATTHEW MARTINEZ,grahamricky@example.net,-8617103714,Lake Amymouth,argentina
205,john williams,wtorres@example.org,-6566536381,HANEYBURGH,Martinique
206,Heidi Mccullough,christensenkevin@example.com,-6931418205, New Daniel ,Tanzania
207,RICHARD CRUZ,carly98@example.net,-7441530005,lake tammyhaven,bahamas
208,Angela Cross,anthonyromero@example.net,-8785100488, Rosalesberg ,JAMAICA
209,brooke warren,reneerice@example.com,-9699335145,new bradley,Somalia
210,Nathaniel Brooks,pmeyer@example.com,-6227735562,south sarah,GIBRALTAR
211,CATHY WASHINGTON,epope@example.org,-6658676910, Michaelmouth ,brazil
212,Cory Wang,smithmary@example.net,-7671843315, West Hannah ,BOTSWANA
213,chad mccann,kiara34@example.net,-8899540193,EAST ANDREW, Latvia 
214,zachary osborne,johnsonwilliam@example.net,-8196586239, Lake Lawrencebury ,ANTARCTICA (THE TERRITORY SOUTH OF 60 DEG S)
215, Thomas Zimmerman ,gutierrezchristopher@example.com,-9255963253,dixonmouth,TOKELAU
216,DREW PARSONS,mooreann@example.net,-8786366936, Stephenland ,SWAZILAND
217, Marie Hernandez ,millerchristopher@example.net,-7105755996,South Crystalshire, French Southern Territories 
218,jeffrey salazar,michaelhudson@example.net,-9941987018,LAKE JORDAN,Tonga
219,amy cervantes,mcortez@example.com,-6336517794, Ianhaven ,madagascar
220, Willie Bell ,smithtroy@example.org,-9454875045,Lake Jenniferport,TRINIDAD AND TOBAGO
221,Donald Mills,qpatterson@example.com,-9792788364,port karinachester, Saint Barthelemy 
222, Anthony Saunders ,qholland@example.net,-9594212092,N/A,United States Minor Outlying Islands
223,reginald barrett,seannelson@example.net,-6168118497,PACHECOCHESTER, Maldives 
224, Anne Herring ,test@.com,-8400903030,rebeccahaven,Cuba
225, Terry Mcdonald ,angela15@example.com,-8219322997,North Kendra, Isle of Man 
226,Mary Davis,adamjohnson@example.org,-6371152033,East Paula,Ireland
227,RUSSELL SMITH,hannahwilliams@example.com,-7610793479,Cooperview, Northern Mariana Islands 
228,brenda sandoval,thomasandrews@example.net,-9701640689, Jacobsbury ,SOUTH AFRICA
229,victor dunlap,amygonzalez@example.net,-9793283185,carolynland,CONGO
230,Robert Williams,heather37@example.org,-9405679845, Codyside ,iran
231,BREANNA ROBINSON,andersonbetty@example.com,-8097799558,NORTH ANNETTEHAVEN, Germany 
232,ROBERTO MORGAN,michaelchang@example.net,-7388853965,new russell,SWEDEN
233,justin shannon,hannah20@example.org,-7413236264,port jamesbury, Comoros 
234, Tiffany Tran ,lindsaymiddleton@example.net,-9540218583,east rachelborough,OMAN
235,GEORGE MENDEZ,bushrobert@example.com,-8074521500,north tonyabury,lithuania
236,Steven Ross,michelebarber@example.com,-9228764923, Lake Antonio , Cayman Islands 
237,Ronald Fuentes,pnguyen@example.com,-7565767186, East Natalie ,Equatorial Guinea
238,MOLLY BROWN,walvarado@example.net,-6389825226, Port Terri ,GUINEA-BISSAU
239,Heather Reynolds,collinsnicole@example.com,-6476810523,EAST JULIABURGH,Anguilla
240,ian young,johnsonrenee@example.net,-8481734633,rogerston,KOREA
241, Diana Woods ,kathy44@example.com,-6192169347,BLACKBURNMOUTH,Sudan
242,Michele Dickson,kari33@example.net,-7465047711,Ianshire, Suriname 
243,SHARON SHAW,gduran@example.net,-9059526265, North Colleenshire ,brunei darussalam
244,daniel wells,bushvincent@example.net,-8936200722,CHERYLVILLE,liechtenstein
245,KEVIN POOLE,mcknighttiffany@example.org,-8398251097,north jenniferstad, Heard Island and McDonald Islands 
246, Dwayne Walton ,nicholsharold@example.net,-7058533412,lake victoria, United States Minor Outlying Islands 
247, Samantha Hill ,osborneraven@example.com,-7053590239,DANIELLECHESTER,KOREA
248,Heidi Mora,boyermelissa@example.com,-8280186484,north annastad,Faroe Islands
249,BRUCE MORSE,richard70@example.com,-6478741638,Johntown,australia
250,Jermaine Molina,robinsonmary@example.org,-7606215817, West Joel ,svalbard & jan mayen islands
251, Michael Koch ,laurenbaker@example.org,-6912074836,DUKEFURT,northern mariana islands
252,danny collins,douglaspatterson@example.net,-9920609695,New Danielle,ERITREA
253,Daniel Calderon,jennifernolan@example.net,-9506237871,LAKE TANNER,Argentina
254,ALEJANDRA FRIEDMAN,chadadams@example.com,-8120318447,WEST KEVINFURT,Barbados
255,MANUEL COHEN,thomas47@example.net,-9368058136,Danielton, Namibia 
256,Mr. Stephen Ali Jr.,claymanuel@example.net,-7029369099,north alan, Swaziland 
257, Bryan Gregory ,mallorywilkinson@example.net,-8769037497,PORT JOSHUATOWN, Mauritius 
258,Willie Crawford,jasontorres@example.net,-7672807731,new lisa,TRINIDAD AND TOBAGO
259, Ashley Bullock ,nathan06@example.com,-8353774048,PORT DANNY, Martinique 
260,DEANNA PITTS,therrera@example.net,-8420990376, Rogersville ,Russian Federation
261,mr. carlos doyle,smithchelsey@example.net,-6613279675,brendaburgh,Romania
262,mary harrison,elizabeth09@example.org,-6645180009,ALYSSAMOUTH,NETHERLANDS
263,Robin Marshall,eric61@example.com,-8646916074, Johnsonberg ,Maldives
264,joseph shah,melissamiller@example.net,-8914465253,Walkerborough,Vanuatu
265, Jay Zimmerman ,brownjennifer@example.com,-9828869867,N/A,CHILE
266,JONATHAN JOHNSON,thomasmichelle@example.com,-9706471049,cuevasberg, Poland 
267,GABRIELA RAMOS,teresagutierrez@example.org,-6268157065,port veronica, Saint Helena 
268, Tara Fuller ,arnoldrebecca@example.com,-9347452949,North Brittany,kiribati
269, Thomas Klein ,uhaynes@example.com,12345,josephborough, Korea 
270,ERIN LOPEZ,rodriguezjennifer@example.net,-7533521343,north andreaville,Turkey
271,JASON PRUITT,jphillips@example.org,-9879969113, New Amy , Ghana 
272,tammy blankenship,derrick65@example.net,-8059466621, Coryland ,N/A
273,JASON JONES,robertsonwendy@example.net,-8197588186, Amyville ,GUADELOUPE
274,Andrew Smith,stoutnicholas@example.org,-8364486986,Christineshire, Yemen 
275,Robin Murillo,klarson@example.net,-6531382687,zamoraport,TANZANIA
276,angelica johns,peggy55@example.com,-6171724905,LAKE WILLIAM,palestinian territory
277,Jean Delgado,,-7631547683,Castrobury, Lebanon 
278,BARRY CROSS MD,saraspence@example.net,-7725587278,North Hannah,Slovenia
279,angela lucas,jamesrodriguez@example.net,-6591919099,Suarezton,ireland
280, Devin Bruce ,gregorymelanie@example.com,-8647313478,North Patriciaside,bhutan
281,JON MANN,hmiller@example.org,-9770061580,MARKBERG,GHANA
282, David Moore ,ibrewer@example.org,-6467707737,RUSSELLFURT,El Salvador
283,angela lynn,hgarcia@example.net,-9849100851,MARKPORT,RUSSIAN FEDERATION
284,patricia smith,brooke28@example.org,-9484510934,North Joseph,MAURITIUS
285,JESSICA BROWN,breannalane@example.org,-9190162074,Port Elizabethhaven,Fiji
286, Tina Gross ,omarsanders@example.org,-8382273751,port thomashaven,FRANCE
287,abigail wilson,coxandrew@example.org,-9182737861, Carolville , Lithuania 
288,,michaelaperry@example.com,-8281334899,East Denise, Faroe Islands 
289,WILLIAM ELLIOTT,marcus56@example.net,-9316264881,South Lauren,ANTIGUA AND BARBUDA
290,DANIEL FLOYD,davidgutierrez@example.org,-9659025420,ANGELSIDE,holy see (vatican city state)
291,JUAN COLON,xdunn@example.org,-9549238348,NEW LINDSAYSTAD,niue
292, Joseph Singh ,courtney63@example.net,-9812461476, New Heathermouth , Hong Kong 
293, Samuel Ryan ,melissagarcia@example.net,-9228384283,Franklinchester,FRANCE
294,PAUL SNYDER,gerald22@example.net,-7938536651,west karichester,ERITREA
295,mark wade,freemantaylor@example.com,-7744136643,Gateshaven,italy
296,KATRINA GRAY,austin44@example.com,-9866825866,STEVENSMOUTH,micronesia
297,Timothy Nelson,pcrosby@example.org,-6054381342,west matthewfurt, Liberia 
298,Frances Cummings,christopherwright@example.org,-7510207027,LAKE DUSTIN,Serbia
299, James Ellis ,jtorres@example.com,-6197848617,Jacksonberg, Montenegro 
300, Toni Moore ,robinsongina@example.org,-6384196141,Millerbury, Rwanda 
301,Edwin Carpenter,stephanie60@example.net,-6346809688,, Turks and Caicos Islands 
302,Brian Jimenez,nicole37@example.com,-7304713078,kimfurt,Saint Helena
303,adrian wade,leeconnor@example.net,-6750938214,EAST PHILIPBOROUGH, Micronesia 
304, Rachael Davis ,cohendarlene@example.net,-7683257671,NEW PAUL,ZIMBABWE
305,sean stone jr.,jasmine92@example.net,-6698033671,Christopherport, Tokelau 
306,chelsey johnson,krausejason@example.com,-9554344946,Serranoport,Azerbaijan
307,TAMMIE BLACK,lopezjessica@example.net,-7433563246,RUSSELLCHESTER,indonesia
308, Timothy Arroyo ,brandall@example.com,-8618251185,east johnathanbury,south georgia and the south sandwich islands
309,SPENCER SNYDER,isabelbrown@example.org,-9365910184,New Elizabethhaven,kyrgyz republic
310,richard hill,justin01@example.org,-9734233571,Smithburgh,Isle of Man
311, Philip Erickson ,johnsonheather@example.com,-8460890731,PORT ADAM, Bahamas 
312,lauren miller,holly68@example.org,-8913768201,LAKE VALERIECHESTER,Argentina
313,JOHN RICHARDSON,toddcannon@example.net,-8392708462,KARENMOUTH, French Polynesia 
314,Robin Rich,aliciapowell@example.com,-7081021559, Chrisview ,Germany
315,TANNER KOCH,gestrada@example.net,-6226127090,Angelafurt,Micronesia
316,KURT HANSEN,dennisramos@example.com,-9735025213, Cainfort ,IRAN
317,Andrew Cook,nguyenandrew@example.com,-7106551588,LAKE THOMAS,south africa
318, Travis Fitzgerald ,johnallison@example.com,-9384163108,Tatehaven,Macao
319,Zachary Wiley,edward34@example.net,-9206873997,LAKE ERICATON,Serbia
320,pedro matthews,manuel30@example.org,-8239186923,NEW JEFFREY,togo
321,DEANNA PALMER,kathleen69@example.net,-9276636195,West Dawnmouth, Tanzania 
322, Jessica Sullivan ,parsonstravis@example.com,-6448229852,,FINLAND
323,LISA NICHOLSON,pjackson@example.com,-9411049116,smithstad,british indian ocean territory (chagos archipelago)
324,JESSICA REILLY,,-9123211280,Davidfort,Panama
325, Rachel Huerta ,erica01@example.net,-7502314373,KAITLYNBURGH,afghanistan
326,lisa marshall,markcook@example.net,-9668052416,RILEYTOWN, Cuba 
327,STEVEN WALKER,xharrington@example.com,-9006747010,Lake Nicole,Iran
328,christina evans,davisfrank@example.net,-8388580218,julianbury,antigua and barbuda
329,Kyle Franklin,umartinez@example.org,-6213453132,Lake Jamie,brazil
330,David Hampton PhD,wglover@example.net,-8301154642,stephanieberg,lebanon
331, Cynthia Mccarthy ,johnmorgan@example.org,-9067652638,SHAWNBURY, Faroe Islands 
332,Cynthia Taylor,matthew10@example.net,-7113222378, West Brian ,SAINT VINCENT AND THE GRENADINES
333,MATTHEW DELACRUZ,katelynbaker@example.net,-7231891061, Riveraside , Saint Barthelemy 
334,LISA THOMAS,alyssaperez@example.org,-7892946877,Jamesport,Uzbekistan
335,MISS ASHLEE IRWIN,kurt65@example.net,-8053216821,montgomeryville,NORTHERN MARIANA ISLANDS
336,Joshua Lewis,denise49@example.net,-6160498045,Courtneymouth,Comoros
337,James Hardy,hebertangela@example.org,-7297931537,lake alexander,SAMOA
338,JULIAN WILLIAMS,vbarry@example.net,-7902180347,LAKE VERONICAFORT,dominica
339,MELISSA WOODS,jimvilla@example.net,-8591202984,Nicholasstad,Dominica
340,bradley jenkins phd,melvin45@example.org,-6206837295,HAYNESSHIRE,KOREA
341, Carolyn Stephens ,nathanramos@example.com,-8462130914, Ashleytown , United States of America 
342,Thomas Miller,denise41@example.com,-7000269660,JACOBSFURT,LEBANON
343, Jennifer Graham ,andrew46@example.org,-8664090181, South Regina ,Netherlands Antilles
344, Andrew Phillips ,colefrederick@example.com,-9472054210,Hensleyland,SAUDI ARABIA
345, Michelle Mills ,ramosnicole@example.net,-6773402576,LAKE JASONFURT,french polynesia
346,JOSHUA PETERSON,corybeck@example.com,-6956769118, Christopherport ,greenland
347, Rose Hamilton ,katelyn52@example.org,-7262977133, Connieview ,holy see (vatican city state)
348,ZACHARY WHITE,boyertimothy@example.com,-9534751194,lawrenceview,Uganda
349,HEIDI LYONS,jennifer55@example.com,-9412994835,West Josehaven,vanuatu
350,Natalie Miller,benjaminthompson@example.org,-6283250740, South Hailey , Antarctica (the territory South of 60 deg S) 
351,MEGAN WALLACE,marissa32@example.com,-8856781496,LAKE JOSHUAFURT,honduras
352,SUZANNE CAMACHO,dominguezdalton@example.net,-8205453574, Lake Julieside ,Malaysia
353,BRANDON PATTERSON,ffrost@example.net,-6645061168, Victorstad ,bhutan
354,nicole gross,hhughes@example.net,-8072962193, Michelemouth ,Montserrat
355,adam jones,carterchristine@example.com,-6402798955,WILLIAMSVIEW, Romania 
356,Gregory Alvarez,rodriguezvictor@example.com,-7477622782,Davidmouth, Ghana 
357,Nicole Allison,hessmary@example.net,,nathantown, Armenia 
358,jeremy petty,jenny01@example.net,,NORTH SARAHTOWN,BOTSWANA
359,linda barber,josephmarsh@example.net,-7675929267, West Joseph ,DJIBOUTI
360,ROBERT BAILEY,leejoshua@example.net,-7015599821,GRAHAMMOUTH,SAINT BARTHELEMY
361,melissa west,lwilliams@example.com,-7971391661, New Ricky , Cape Verde 
362,JENNIFER WISE,ifuller@example.org,-9047849099,keithside,AMERICAN SAMOA
363,Jeffery Spencer,bridgetmartin@example.com,-6622529542,LAKE CATHERINE,northern mariana islands
364,rebecca williams,chavezdarius@example.org,-7902493855,davistown,SOMALIA
365, Jacqueline Scott ,lisabrown@example.net,-6500703401,sarahborough,Brunei Darussalam
366,Patrick Rice,millerkatherine@example.net,-7688787643,North Kyle, Malawi 
367,JACKIE GOODWIN,rfoster@example.org,-7547615452,port dana, Equatorial Guinea 
368,ELIZABETH MCCORMICK,flowe at example.com,-8945958534,Port Angela, Japan 
369, Frank Lin ,fishersteven@example.net,-8464422856,Johnsonmouth,Croatia
370, Jacqueline Nixon ,bruce87@example.net,-6363341184,new stephaniechester,belize
371,IAN SMITH,roberthiggins@example.org,-6454806384, Lake Jane , Heard Island and McDonald Islands 
372,amanda riley,laura46@example.com,-9634816801,Kristinburgh,NEPAL
373,riley chang,sullivandaniel@example.net,-9511264941, New Phillip , Italy 
374,ANGELA HALL,lindsay25@example.org,-9051652964,MOODYVILLE,cook islands
375,BARBARA POOLE,alejandrohall@example.net,-7098325112,East Davidland,Morocco
376, Nicole Mccoy ,allendeborah@example.com,-8513958334, Nicoleburgh ,serbia
377,denise rivera,rebeccamontgomery@example.net,-9063836940,Robinsonland,Saint Helena
378, Mallory Aguilar ,johnsonalec@example.net,-9239420002, Markshire , South Georgia and the South Sandwich Islands 
379,Blake Greene,boyerthomas@example.org,-7811446104,PETERSIDE,indonesia
380,STEPHANIE JACOBSON,rachaelduarte@example.net,-7728587885,south paulhaven,Bosnia and Herzegovina
381, Kristin Pugh ,dtorres@example.net,-9836948130,New Valerie,botswana
382,COREY FORD,kmarks@example.net,-8364118814, Lake Bruce , Malta 
383,Miss Krista Mcintyre,meyerjose@example.com,-7644097370,LAKE MICHAEL,India
384,joseph dillon,tamaradavenport@example.com,-9131263982,NEW ANTHONY,New Zealand
385,melanie williams,gjordan@example.org,-7668246564, Susanville , Libyan Arab Jamahiriya 
386,MICHELLE RAMIREZ,christopher19@example.com,-7326948707,stewartview, Cape Verde 
387,ERIN LEE,harmonmary@example.net,-7371180008, Brownstad ,Macao
388, Charles Mcguire ,kennethbrown@example.org,-9213440388,new grace, Kyrgyz Republic 
389, Shawna Lopez ,wharding@example.org,-8187096574,HOOVERSTAD,Japan
390,derek everett,kclark@example.com,-8465468239,port garyburgh,NORTHERN MARIANA ISLANDS
391, Brittany Miller ,erinhodge@example.net,-6183866600, Donaldside ,Andorra
392, Robert Mclaughlin ,christopher08@example.net,-8461349864,west tracyborough,guyana
393,christian anderson,uroach@example.org,-8051897851, North Triciatown ,central african republic
394, Cassandra Gonzalez ,wleach@example.org,-7253609439, Lake Kimberly ,mauritius
395, Jason Bautista ,waynewilson@example.net,-6367570250, West Briannamouth ,NORTHERN MARIANA ISLANDS
396, Daniel Johnson ,eric03@example.net,-8558930102,Andreaton,FINLAND
397,John Meyer,phartman@example.org,-8684560693,josephshire,Nicaragua
398,Brandon Hicks,samantha65@example.net,-8495350120,CYNTHIAHAVEN, Brazil 
399,MICHELE HAYNES,matthewhall@example.net,-6459247520, North Ryan ,BOTSWANA
400,jonathon casey,galvarado@example.org,-7980151414,south angelaland,South Africa
401,KELLY PALMER,jeffrey98@example.com,-7953809169,tuckermouth, Turkey 
402, Jennifer Grant ,rickyjohnson@example.net,-6522835767,north amyshire,antigua and barbuda
403,tyler carter,thomas45@example.net,-7469191301,SOUTH DANIELLE,HONDURAS
404, Tiffany Rice ,jasonhansen@example.org,-6994147237,east jeremy,RUSSIAN FEDERATION
405,CONNOR POWELL,murphyruben@example.com,-8010745907, East Kyle , Estonia 
406,jacob taylor,krystal87@example.org,-6591696333,NORTH LONNIEFURT,Saint Lucia
407,Dawn Cooper,jennifercollins@example.net,-7469966706,taraborough, Jamaica 
408,jeffrey avila,mgreen@example.org,-6736485627,MARCIATON,Angola
409,Kimberly Cummings,owensscott@example.org,-9684331480,PORT LISA,latvia
410,JAMES MURRAY,kmalone@example.net,-8237208320,North Danielside,ANTIGUA AND BARBUDA
411,dr. melissa woods,test@.com,-9166700489,north shawn,United Arab Emirates
412,Erica Moore,porterbradley@example.com,-7249201574,South Tracy,aruba
413,Stephen Butler,alexandria07@example.net,-7129957600,ELIZABETHBOROUGH, Greenland 
414,Robert Kelley,davismark@example.net,-8062553352, East Bryanville ,falkland islands (malvinas)
415, Heather Montgomery ,nfrost@example.com,-7047974196,Jacobberg,Montserrat
416, Louis Tapia ,zblack@example.org,-6276483329,KATHLEENLAND, Comoros 
417,Douglas Graves,james58@example.com,-9987040864,West Jimside,CHRISTMAS ISLAND
418, Mark Solis ,michael38@example.org,-9473188507,North Seth,BELARUS
419, Jessica Murphy ,janicecase@example.net,-8058606910,south carl,ANGOLA
420,Darryl Hampton,bowendavid@example.org,-8829949438,Lake Jennifer,Germany
421,TAMMIE NORRIS,clifford77@example.org,-9931505347,BENTLEYLAND,indonesia
422, Michael Wilkerson ,elliottcrystal@example.org,-9154202994,North Zachary,Ireland
423,shawn rodriguez,julie60@example.org,-7035604492,North Jared,Uzbekistan
424, Joseph Wang ,alexander18@example.net,-6512568767,SOUTH JENNAVILLE, Gibraltar 
425,Tanya Meyer,michaelwatson@example.org,-6177137537,garciamouth,Armenia
426,patricia hernandez,steven32@example.net,-6760538374,SOUTH STACY,EL SALVADOR
427,ADRIANA HAHN,bbauer@example.org,-9839273726,Lake Jenniferberg,Samoa
428,chelsea madden phd,johnsonlisa@example.com,-9440070152, Kathleenburgh ,UKRAINE
429, Joshua Salinas ,alexander64@example.org,-6770081845,west tamaraville, Ecuador 
430,Darlene Nelson,gerald27@example.net,,LAKE KEVIN, North Macedonia 
431,michelle barber,pwagner@example.org,-9172911616,Lake Brandonfurt,ALGERIA
432,HEATHER STONE,kimberly65@example.org,-9930605587,mcfarlandville,Korea
433,lisa ward,taylornicole@example.org,-7236251958,East Christopherhaven,Albania
434,Melissa Padilla,nicolas68@example.com,-6858903358,new randy,liechtenstein
435,Roger Bennett,,-9888154739,royfort,CHINA
436,SCOTT WARD,owolfe@example.com,-6706093810,LAKE KAREN,BELARUS
437, David Kelley ,nprice@example.com,-6092419729,WEST ROBERT,TURKS AND CAICOS ISLANDS
438,Sabrina Mathews,hansenmolly@example.com,-8185166400, New Eric , Croatia 
439, Sandra Cunningham ,ubartlett@example.org,-9924691183, Michelleton ,uganda
440,Mary Valdez,toddporter@example.net,-9348933855, North Richardmouth ,PAPUA NEW GUINEA
441,samuel lopez,cwhite@example.com,-9910896661,north paulberg,Egypt
442,paula riggs,debbieconrad@example.org,-9923297685,east deannastad,PITCAIRN ISLANDS
443,Aaron Black,jenniferhuang@example.com,-9574934971, Port April , Bolivia 
444, Mr. Earl Rogers MD ,vsingh@example.net,-8832850854,DOWNSHAVEN, Finland 
445,kristin carpenter,kevinwilkins@example.com,-8585180206,stewartside,Mongolia
446,Craig Hall,jamie63@example.net,-8327164486,EAST LINDA,iraq
447,ASHLEY ROBERTSON,cameronfoster@example.com,-9355473204,New Alexander,Saint Kitts and Nevis
448,DANIEL HERNANDEZ,bethgonzalez@example.com,-7984702667,SOUTH THOMASMOUTH, Monaco 
449,DAVID RANGEL,leerobert@example.com,-8461969101,north anthonyhaven, South Georgia and the South Sandwich Islands 
450,Katrina Garcia,bmason@example.com,-9448406895, East Kari ,Norfolk Island
451,Sheryl Soto,ocraig@example.org,-7249062699,N/A,AUSTRIA
452,jacob boyd,ryanwiley@example.com,-6015000043,NORTH MARY, Central African Republic 
453,jonathan lane,lisa20@example.net,-6164377023, Burnettview ,JAMAICA
454,BRADLEY HOUSTON,jerrylee@example.org,-8443980699,Marystad,Montenegro
455, Jessica Anderson ,landrymichael@example.org,-6544265490, Lauraland , Liechtenstein 
456,anthony johnson,newtonmelissa@example.com,-7312381523,North Michelleville,MOLDOVA
457,JUSTIN GALLOWAY,lindsey78@example.com,-7600580150,VAZQUEZFURT,SLOVENIA
458, Joseph Campbell ,johnmartinez@example.org,-7996360287,PORT BRITTANY, Lao People's Democratic Republic 
459,Terry Anderson,bvillanueva@example.net,-9487723465,robertsbury,Guyana
460,JESSICA TAYLOR,matthew33@example.org,-9047182840,JOSEBURGH,VENEZUELA
461,debra hudson,ljordan@example.org,-7935469372, Isabelhaven , Turks and Caicos Islands 
462,Catherine Fitzpatrick,cunninghammaria@example.com,-6094645120,Ballardfort, Croatia 
463,theresa conner,henryatkinson@example.org,-6468229334,JEREMYSTAD,tanzania
464,Rebecca White,alyssa78@example.com,-7074926794, North Alexander ,Gambia
465,david aguilar,croth@example.com,-7680328642, Nicolechester , Jamaica 
466,steven chen,harrisjohn@example.org,-9638379233,EAST WILLIEBURY,belgium
467,BRIANNA YODER,carpentersteven@example.org,-7453637104, Nancyberg ,TONGA
468, Stacy Wright ,carol15@example.net,-9683310160,stephanieview,Croatia
469,MATTHEW ADAMS,lisa10@example.net,-8073695342,south joseberg,British Virgin Islands
470,Matthew Garcia,vyork@example.org,-7837233688,baileystad,Guinea
471,JASON HARRISON,craig89@example.org,-9794443262,lorihaven, Spain 
472,charles cox,kharris@example.org,-8612828555,wendyville,Malaysia
473,hunter aguilar,mcdowellariel@example.net,-6837638186,Lake Bradleytown,Japan
474,susan nelson,chrisshepherd@example.org,-9907507896,LEEBURGH,Anguilla
475,kelly king,thomas73@example.net,-6008199196,harrisville,greece
476,CODY KING,hornjames@example.com,-6527921963, Lake Samanthastad ,BOLIVIA
477,BRIDGET HUDSON,otyler@example.net,-7929347276,north jenniferton,Czech Republic
478,matthew logan,maryhoffman@example.com,-9203624027,Richardburgh,Bahamas
479,ethan smith,monicahenry@example.org,-9816502935,theresaland, American Samoa 
480,DR. KATHERINE CHOI,martha10@example.org,-8713781910,Alexandrabury, Cambodia 
481,Jessica Robinson,bsharp@example.com,-8186060286,NEW MACKENZIE,congo
482, Carolyn Ramirez ,catherinesmith@example.net,-8756538324, Frankton , Nepal 
483,michael pacheco,meyersashley@example.net,-6608892249,Lake Michael, Burundi 
484,mark joseph,phillip83@example.org,-7601407432,lorifort,bhutan
485,Carl Gates,williamsstephanie@example.org,-6990364909,west kim,PUERTO RICO
486,Steven Kelly,erinharris@example.net,-9620715297,south christine,slovenia
487,VICKI GREEN,jbowen@example.org,-9815690434,Kimberlyhaven,BHUTAN
488, Nicholas Lopez ,mollylane@example.org,-6239960334,SOUTH JESSE, Jersey 
489,HOLLY PENA,shardy@example.net,-6447446978,LAKE SANDRABOROUGH,AMERICAN SAMOA
490,BRIAN MCCALL,bushbrian@example.net,-9179548750, West Justin ,MARTINIQUE
491,lori lawson,wellsemily@example.org,-7894231423, Rossview ,FALKLAND ISLANDS (MALVINAS)
492,Aaron Ferguson,amanda24@example.org,-7152288354,West Jeffreyville,pitcairn islands
493,bruce mason,christophergreene@example.org,-7144947625,south markview,uzbekistan
494, Sharon Miller ,daviswilliam@example.net,-9317261443,port lauren,hungary
495, James Gomez ,rcarter@example.net,-7040068603,EAST RITASTAD, Serbia 
496,debbie flores,carrollmathew@example.com,-6319832602, West Aliciamouth ,Bulgaria
497, Steven Fischer ,ashleytorres@example.com,-9740871404,GERALDSTAD, Myanmar 
498,DIAMOND BERNARD,weisswalter@example.com,-6098825606,west jackfort,cape verde
499,arthur alvarez,lukedoyle@example.com,-9601028985,Chelseamouth,Bhutan
500,AUSTIN CASTILLO,darrelljohnson@example.com,-6898983847,Lake Jennastad, Isle of Man 
501,raymond marshall,marthacampbell@example.net,-6635945039,thomasberg,Portugal
502,JAMES THOMPSON,hutchinsonstephanie@example.com,-9444874074,New Betty, Taiwan 
503,Alexander Ibarra,sandra63@example.net,-9212564873,Jenniferberg,HUNGARY
504, Joseph Marks ,dmoreno@example.org,-7260631006, East Suzanneburgh ,SOLOMON ISLANDS
505,david payne ii,brownwilliam@example.org,-7768027069,Meganmouth, Cameroon 
506,Roger Bauer,ufranklin@example.net,-6680837000,new benjaminburgh,Yemen
507, Tina Armstrong ,amywashington@example.net,-8393529940, Jaketown ,WESTERN SAHARA
508,JORDAN LEE,schultzzachary@example.net,-8771547840,Rachaelmouth,san marino
509,PETER BENTLEY,brianfoster@example.net,-9205168571,north sheriside,Ukraine
510, Jody Castaneda ,vincent80@example.com,-6414194371,Wyattburgh,TUVALU
511,Michael Thompson,marysnyder@example.com,-9441785284,PAULFORT,Yemen
512,BARBARA OWENS,nguyenkayla@example.org,-7529900984, Aguilarstad , Jersey 
513,John Stephens,sanderslucas@example.org,-7285003826, North Stephen , Ghana 
514,sara guzman,qfoster@example.net,-8885273684,East Williamburgh,SWEDEN
515,kellie townsend,lcordova@example.org,-8697060962,ALISONBERG, Togo 
516, Kelly Rodriguez ,maria56@example.com,-8039441091,north jason,lithuania
517,Amanda Leblanc,kristi88@example.org,-8708265467, New Kevin , Greece 
518,Thomas Phelps,crystal94@example.org,-9473079159, North Amandaborough ,Switzerland
519,CHRISTINA WILLIAMS,trussell@example.net,-9231967892,WEST SHAWN,Bahamas
520,angela torres,paulbrown@example.com,-7805995054,south johnberg,Suriname
521,joshua farrell,njacobs@example.net,-9995982968, Coxhaven ,PHILIPPINES
522,TERESA GOMEZ,carlos27@example.org,-8154013581,south thomasberg,Malawi
523,Kelsey Mitchell,nicolejones@example.com,-8253434661,Alisonchester,Syrian Arab Republic
524,Samantha Jensen,gamblesarah@example.org,-9836510467,Port Jillian, Qatar 
525, Alicia Avila ,ryan85@example.com,-8456180756,east rachel,CUBA
526, Trevor Ryan ,cbaxter@example.net,-6348282023,South Thomas,SRI LANKA
527, Jennifer Patel ,heather70@example.net,-7889834019,Rodgerschester,Nauru
528,MRS. JESSICA WHITE,nmerritt@example.net,-8288948582,BETHANYSIDE,United States Minor Outlying Islands
529, Kaitlyn Ellis ,xserrano@example.org,-7298953340,west johnathan,VANUATU
530,James Sanders,uwalker@example.net,-8619829143,Donaldborough, Panama 
531,JIMMY BURNETT,dsmith@example.net,-9476693749,east brandonton, Cayman Islands 
532,christina clark,natalieconner@example.org,-9393143076, Johnsonberg ,Comoros
533,kimberly meyers,tiffanymoore@example.net,-9699018179, South Alexandriashire ,SAINT PIERRE AND MIQUELON
534,lisa keller,vhuber@example.com,-9279995581, West Amanda ,thailand
535,andrea jones,dmejia@example.net,-9429102477,North Erica,CHAD
536,Steven Green,brownpaul@example.net,-7192691352,Larsenview, Pakistan 
537, Christopher Duran ,ejohnson@example.net,-8515558781, Hernandezview ,BELIZE
538,Barbara Costa,browncynthia@example.com,-9315616412,Jasonfort, Christmas Island 
539, Brian Ballard ,johnparrish@example.org,-9717057986,PORT NICOLEVILLE,djibouti
540,Michael Matthews,alexandermario@example.net,12345,Parkerton,WESTERN SAHARA
541, Albert Robinson ,vincentthomas@example.org,-7768804271,North Kimberlyshire,CHAD
542,JASON SULLIVAN,lware@example.net,-7510981484, West Brittanyshire ,Nicaragua
543,Andrew Martinez,samantha36@example.org,-6315105075,NORTH JACQUELINEBERG,timor-leste
544,JUSTIN BRYANT,granterik@example.com,-9317660221,West Marcus,ireland
545,Jorge Rivera,tperez@example.org,-8617391519,SUSANMOUTH,british virgin islands
546, Stephanie Rice ,ramosamber@example.net,-9401124686,NORTH JESSICABOROUGH, Tunisia 
547,DERRICK JOHNSON,michael32@example.net,-7071379878,east meganton,EL SALVADOR
548,LEAH MADDOX,zking@example.org,-8276353882,South Ericton,FRENCH POLYNESIA
549, James Wheeler ,jryan@example.com,-7558388233, South Glendaside ,ecuador
550,ANDREW ROMAN,areyes@example.com,-7851150572, Branchville ,SOMALIA
551,ERIC ONEILL,esmith@example.net,-6103803667,Theresaland,morocco
552,STEPHEN WEST,hturner@example.net,-7512249866,Lake Christopher,Malta
553,karen reeves,pgarza@example.org,-6453001326, Lewismouth ,greece
554,JASON HEBERT MD,moniquecook@example.org,-7236752015,georgeborough, Central African Republic 
555, Kimberly Stanley ,mitchellcarr@example.org,-8407854890,Melissashire,French Southern Territories
556,Latasha Little,joshua49@example.net,-7171101574,Port Shawna, Guernsey 
557,mallory hamilton,hnorman@example.com,-8137840435,JAMESFURT,ARUBA
558, Michelle Horton ,tmartinez@example.com,-9866452985,port brent,Papua New Guinea
559,John Williams,jerry61@example.org,,south james,COSTA RICA
560,BILLY LEWIS,louis22@example.com,-8103467315,Zhangton, Panama 
561,kayla good,stephen63@example.org,-9983388394,east david,Burundi
562, Kevin Grant ,emyers@example.com,-7027450691,port sarah,qatar
563,lori rodriguez,aaron06@example.net,-7378271906,LAKE ANGEL, Honduras 
564,jose wilkinson,hannasamuel@example.com,-8276046338,DANIELTON,Barbados
565, Thomas Young ,olsonwendy@example.com,-7902260115,SOUTH JOHNSIDE,French Southern Territories
566,Mary Ross,louisestrada@example.org,-9958878642,holdershire,BULGARIA
567, Jessica Peters ,popethomas@example.com,-9321673685, Collinsside , Equatorial Guinea 
568,Amber Swanson,danieleaton@example.org,-7435649890,Lake Glenn,new caledonia
569, Gregory Day ,brownlauren@example.net,-8016375939, South Samantha ,angola
570,Michael Johnson,richard11@example.net,-6435155257,Mitchelltown,MONGOLIA
571,Donna Taylor,zfernandez@example.com,-9706063763,kaitlynstad,BELGIUM
572,Anne Watts,michaelwheeler@example.com,-9175354763,east danielleside,Palau
573,joshua graves,nelsonkatie@example.org,-9020093383,Kevinborough,Isle of Man
574,Kathleen Weber,francismario@example.com,-9507529509, Jeffreyview , Guam 
575,LACEY SIMMONS,thomasbecker@example.net,-8198131028,South Tyroneton,guernsey
576, Ashley Hernandez ,allisoncoleman@example.net,-8389894599,lake julia,bouvet island (bouvetoya)
577,Stephanie Perez,holly85@example.net,-7601774462,PORT PATRICIA, Turkmenistan 
578,MAURICE WRIGHT,test@.com,-9333034890,north melanieburgh, Svalbard & Jan Mayen Islands 
579,John Larson,jmorgan@example.org,-7738284556,North Gregory,HONG KONG
580,N/A,jillianclark@example.org,-8185507062, Hubbardside , Nepal 
581,JENNIFER MILLER,eugenejordan@example.com,-7192033234,WOODMOUTH, Mongolia 
582, Danny Smith ,christopherlane@example.net,-8716568566, Davisfurt ,Seychelles
583,Michelle Cruz,mindychoi@example.com,-9408360040,east hannah, Panama 
584,Gary Landry,johnnyfranklin@example.org,-6930033366,West Alexandertown,BRAZIL
585, Bruce Barnes ,michael56@example.net,-8605328189, Brewerfort , Togo 
586,BIANCA VINCENT,kelly77@example.net,-9229070753, East Carriemouth , Botswana 
587, Joseph Smith ,williamsrobert@example.org,-7547430700,PORT AMANDAHAVEN,INDIA
588,jo hall,carrie95@example.com,-7103825723,New Jacob, Saint Barthelemy 
589,jack hale md,howelltyler@example.net,-7053363075,brendaside, Vanuatu 
590,michael smith,jacobhughes@example.org,-8536980375, Hunterfurt ,egypt
591,Julian Buchanan,fwilliams@example.org,-6396060864,LAWSONTON, Northern Mariana Islands 
592,michael sullivan,melliott@example.net,-9323391906,SOUTH KRISTINABOROUGH,SEYCHELLES
593, Sheila Ramos ,amberrodriguez@example.com,-9614879527,garybury,NIGER
594,stephen gray,nwatson@example.org,-9434543601,NEW TARATOWN,azerbaijan
595,GREGORY THOMAS,jason61@example.org,-9691333673,Lake Michaelside,united arab emirates
596,robyn dudley,orichards@example.com,, Robbinshaven ,EL SALVADOR
597,Jeffrey Davis,rosalesdustin@example.net,-9784983015,maxwellshire,swaziland
598, Jason Myers ,cliffordmiller@example.org,-6598296147, West Michelle ,ICELAND
599, Isaiah Alexander ,christine05@example.com,-9030796581,Lake Tiffany,guyana
600,KATHRYN PACHECO,davidmarquez@example.com,-9904198608, South Juliestad ,TANZANIA
601,randall thompson,gregory13@example.net,-6883689973,South Brandi,solomon islands
602,Alexander Murray,donald08@example.org,-6455107817, New Tammy ,japan
603,claire smith,janice51@example.net,-7668565137, Russellfort , Latvia 
604,LINDSEY JACKSON,juanallen@example.net,-9968626504, West Jason ,Congo
605,nicole cook,fmoore@example.net,-9505853090,NORTH ELIZABETHVIEW, Singapore 
606,JOSEPH HODGES,heidi24 at example.com,-8432755539,virginiafurt, Chad 
607, Stephen Reilly ,elizabeth24@example.net,-7230800647, Williamstown ,Kazakhstan
608,THOMAS GREENE,bbriggs@example.com,-6089703914,chadmouth,BRITISH VIRGIN ISLANDS
609,timothy williamson,sanfordalyssa@example.com,-8052214769,nelsonmouth, Saint Martin 
610,VANESSA SUTTON,stricklandkathleen@example.net,-6707157963, West Brandon , Brazil 
611, Jillian Barnes MD ,ctran@example.org,-8524074523,Natalieton,bermuda
612, Zachary Brown ,cindystewart@example.net,-9445052073,kathrynfort,Puerto Rico
613, Ashley Johnson ,zjones@example.net,-7150267971,NEW STACY,MALDIVES
614,Erica Thomas,thompsonnicholas@example.com,-8131194156,South Carrie, Georgia 
615,JACOB ROSS,clarkkara@example.com,-9781611861,jonathanchester,bahamas
616,VERONICA BARKER,jessemann@example.com,-7756681676,EAST MICHAELSIDE,Guam
617,Luis Harrell,jennifercastro@example.com,-8342185217,lake joelport,SOUTH AFRICA
618,MICHAEL ALLEN,nicolemanning@example.net,-9330988949,deniseside,Saint Martin
619,JACLYN ESPARZA,jeffrey91@example.org,-9406267764, Parsonsville ,guam
620, Miss Adriana Barnes ,xjones@example.org,-7374262980,brownmouth,Qatar
621,mark riley,woodzachary@example.com,-8230634321, North Tracy ,Uganda
622, Jeffrey Morgan ,matthew23@example.net,-8681052925,EAST VANESSASTAD,ISRAEL
623,JENNIFER BARRERA,jsnyder@example.com,-7846059705,SOUTH BRANDON,NORWAY
624,Sydney Rogers,petersenmichael@example.net,-8576731198,MOODYMOUTH, Saint Kitts and Nevis 
625,JACOB WEBER,vhall@example.com,-7307493182,West Jessicaview,gambia
626,BRANDON CARR,kchavez@example.net,-6263947511, Donnatown ,vietnam
627,Jonathan Johnson,jenniferkennedy@example.net,-7872340278,BROWNPORT,GUYANA
628, Sherry Gallagher ,hurleyelizabeth@example.org,-6233030957,Port Jose, Palau 
629,denise west,ashley11@example.net,-8639833118,Gonzalezfurt,liechtenstein
630,ana huffman,janetwalker@example.com,-8462965887, Barbaratown , Jamaica 
631, Jack Holt ,parrishkelly@example.org,-6888682353, Veronicamouth ,Heard Island and McDonald Islands
632,VINCENT BISHOP,melissashort@example.net,-9764836859, Silvamouth ,GEORGIA
633,mrs. stephanie palmer,melaniereilly@example.org,-9014737391,North Morgan,lao people's democratic republic
634,jonathon russell,matthew36@example.net,-9664805707,New James,antigua and barbuda
635,DYLAN PERKINS,isabel33@example.net,-7041926839,south mariafort, Lebanon 
636, Alexandra Henderson ,lwoodward@example.com,-8359069773,powellborough, Guatemala 
637,DONNA FORBES,adamacevedo@example.com,-9556013667,EAST TYLERLAND,bahamas
638,Jimmy Frost,lauren33@example.net,-6972857654, West Michael ,POLAND
639,Michelle Olson,karenklein@example.net,-6138559820,Ayersville,LESOTHO
640,susan pineda,frank45@example.org,-6347462145, Lake Diamondton ,Sao Tome and Principe
641,SAMANTHA HAYES,lrodriguez@example.org,-7636005826,HOPKINSFORT,singapore
642,ASHLEY LYONS,kylelee@example.com,-6077082955,port mauriceborough, Montserrat 
643,HAROLD CLARK,wbell@example.net,-8461547073,LAKE MICHAEL,ANTARCTICA (THE TERRITORY SOUTH OF 60 DEG S)
644,MANUEL KEMP,douglascastillo@example.net,-7468635327,lake briantown,JERSEY
645,,,-8625752632,Jasontown,Guernsey
646,ricky atkins,wongjoann@example.com,-9355629144,JEFFERYBERG,American Samoa
647,RYAN HANCOCK,shirleynewman@example.net,-6806806340,KELSEYPORT, Chile 
648,ERIN PORTER,mcgeediana@example.net,-9519203584,Burnsstad, Saint Martin 
649,Courtney Murphy MD,lauren40@example.org,-7385914769,East Kathryn,Nauru
650,charles waller,lflores@example.com,-7354897085, Patriciaville ,South Georgia and the South Sandwich Islands
651,danny clark,kenneth43@example.net,-7076459388, Wilsontown ,LITHUANIA
652, Brenda Blackburn ,deanna19@example.net,-8311366039, South Josephstad , Martinique 
653,phillip reyes,ssandoval@example.com,-7789857001,east steven,Slovenia
654,william johnson,sullivancynthia@example.net,-7780802031,nicholasburgh,guyana
655, Pamela Garcia ,garrisonjulie@example.net,-8345578483,south jesus,western sahara
656,CODY WINTERS,shannon01@example.org,-7613151002,ALEXANDERCHESTER,Afghanistan
657,Rachel Smith,allenlewis@example.org,-9885603724,South Alejandrahaven,Georgia
658,sandra king,christineschmidt@example.net,-6208486716,LISAMOUTH,Indonesia
659,Andrew Holmes,stevenhumphrey@example.net,-9294399624,New Robert, Vanuatu 
660,DUSTIN CALDERON,meredith80 at example.net,-8820804498,WILLIAMSPORT,MICRONESIA
661,BRITTANY NOBLE,christensenjonathan@example.net,-9927177702,north tracy,BELARUS
662,brandon williams,graywilliam@example.com,-7056822573,TAMMYVIEW,Congo
663,Mr. John Vance,jonathan80@example.org,-8660437189,new matthew,Samoa
664,EDWARD KELLEY,mjennings@example.net,-6553068933,LAKE PAULABURGH,SPAIN
665,TRAVIS ORTEGA,carolineclark@example.org,-6341052533, Donnabury ,cambodia
666,JEFFREY HAHN,janderson@example.com,-7138889458, Lisastad ,british indian ocean territory (chagos archipelago)
667,Elizabeth Ford,jessicabarber@example.com,-9128382612,williamsonmouth,panama
668,bryan patrick,victoria33@example.com,-6209899750,walkerborough,TURKMENISTAN
669, Kenneth Davis ,johnscindy@example.net,-8785926022,Victoriaport, Ecuador 
670,ANTHONY DUNCAN,martineztaylor@example.com,-9469639896, Lake Nicoleview ,Senegal
671,Rose Cochran,michaelhunt@example.com,-6478505742, North Richard ,andorra
672,mary stanton,joshuavalencia@example.net,-7096807969, Lake Michelle ,GREECE
673,DOUGLAS VARGAS,tthomas@example.com,-7273534145, Williamhaven ,Bulgaria
674, Daniel Macias ,jamesprice@example.net,-6690565462,PINEDATON, Honduras 
675,SHAWN CARSON,robertslori@example.org,-6403343388, North Barry ,BRITISH INDIAN OCEAN TERRITORY (CHAGOS ARCHIPELAGO)
676,EMMA WILLIAMS,phamjenna@example.org,-8509869845, Allenborough ,Romania
677,HANNAH DONALDSON,ihancock@example.net,12345,Port Joel, Nauru 
678, Wendy Fuller ,vjohnson@example.com,-6658126105,South Karenhaven,Albania
679,peter shields,jamesmurphy@example.org,-8622550584,PORT SHIRLEY,seychelles
680, Tara Vazquez ,test@.com,-7619993127,Port Angelicashire, Colombia 
681, Katrina Macias ,cindy99@example.org,-8719224967, West Laura ,Moldova
682, Paul Parrish ,mmack@example.net,-6395310791, Lisaview ,Suriname
683,harry reed,joshua19@example.net,-6502944307,WEST ANTHONYVIEW, Christmas Island 
684, Diana Munoz ,jessica58@example.org,-8614067833,NORTH MARYBOROUGH,Afghanistan
685, Gene Smith ,timothy53@example.org,-7167031913,rojasville,SWITZERLAND
686,JOSEPH FISHER,kstewart@example.net,-9952461718,owensburgh, Sao Tome and Principe 
687, Jason Johnson ,wsanders@example.org,-6469126706,Craneberg,Hong Kong
688, Kaitlyn Walters ,rbass@example.org,-6055140048, Port Richard , Estonia 
689,tina johnson,morrisjo@example.com,-8518616844,NORTH GEORGELAND,POLAND
690,kurt stone,smithjudy@example.org,-9080289099,East Jennifer,BANGLADESH
691,,ffreeman@example.net,-6296376421,WEST JOHNTOWN,PHILIPPINES
692,CAITLYN VAZQUEZ,erin95@example.org,-7667717687,Lake John, El Salvador 
693, Kathleen Carter ,amybarton@example.net,-6854651992,leslieport,Nicaragua
694, Parker Nelson ,michaeljones@example.net,-9648508441,EAST DAVID,South Africa
695,henry lucas,saunderselizabeth@example.com,-7834322457,SCHNEIDERTON,liberia
696,daniel neal,hubbardpaige@example.net,-9609893498, Mirandaberg ,COTE D'IVOIRE
697,debbie young,dfisher@example.net,-9173031909,east charles,MACAO
698,MONICA BARNES,bryanwilliams@example.org,-6540711946, Pollardport , Norfolk Island 
699,lawrence jarvis,xsnyder@example.org,-6446247121,SOUTH SUSAN, Palestinian Territory 
700,SARAH EDWARDS,cortezwilliam@example.org,-7791922723, North Aaron ,Guinea
701,melissa mcdonald,rebecca48@example.net,-7134557890, Kimberlytown ,Mali
702,Kelly Williams,randyglenn@example.com,-6553368473,new robertburgh,guatemala
703,Brittany Pittman,nicole23@example.com,-6016737213,EAST MATTHEWVILLE, Zimbabwe 
704,bradley williams,sarahsimmons@example.net,-9148822577, Lake Sherri ,LESOTHO
705,Crystal Riley,annsmith@example.com,-8656889555,South Patrick, Uzbekistan 
706,larry doyle,rmoreno@example.com,-8160537647,West Diane, Togo 
707,Margaret Hernandez,richard93@example.net,-6220586795, Deborahshire ,Spain
708,amanda miller,jamesharris@example.com,-6405444455,jasonport, United Arab Emirates 
709,George Salazar,heathjulie@example.net,-9040602143,Rasmussenbury,Saint Pierre and Miquelon
710,JORDAN MILLER,williamsthomas@example.com,-6529187183, Waltonville ,Israel
711,Kristie Cain,lisawatts@example.net,8924669721, Charlotteburgh ,dominica
712, Steven Williams ,hparker@example.org,-7615179778,shelbyhaven,morocco
713,SAMUEL ROMERO,jamie42@example.org,-8493008318,Williamsonport,Mongolia
714,MORGAN MASON,xgonzalez@example.net,-7104081199, Erikaberg , South Georgia and the South Sandwich Islands 
715,Christina Stokes,williamsjennifer@example.net,-7251702832, Burchhaven ,Papua New Guinea
716,sean barnett,sgarrison@example.net,-9506352403, North Jason ,Slovakia (Slovak Republic)
717,George Smith,roger50@example.org,-6182993763,NORTH HOLLYFURT,NORTHERN MARIANA ISLANDS
718, Rachel Lawson ,randall25@example.org,-6111228360,south kyle, Russian Federation 
719,KIMBERLY HOLLAND,williamsryan@example.net,-9102655222, Bryanthaven ,San Marino
720,JAMES JOHNSON,knelson@example.com,-8450572570, Johnport , Western Sahara 
721,WILLIAM ROWE,elizabeth65@example.net,-7589150845,MICHAELFORT,VIETNAM
722,LINDSEY SANCHEZ,millskim@example.com,-9659300095,Brooksland,Germany
723,john marshall,josephwilliams@example.org,-8088358035,johnbury,ERITREA
724,GLORIA BURNS,sbauer@example.org,-8613569724, Jonesview ,SLOVAKIA (SLOVAK REPUBLIC)
725, Amy Rosales ,adamfarrell@example.net,-8217184403,west scott,Finland
726,Nichole Mccarthy,bartlettkara@example.net,-7685779473,new courtney,Tokelau
727, Walter Serrano Jr. ,albert14@example.org,-6319758434, Port Loristad ,Ireland
728, Andrew Atkinson ,douglas09@example.net,-7781739300, Lake Roberttown ,Swaziland
729,Logan Gray,julie63@example.com,-7400112904,SOUTH CHRISTINASTAD,SOMALIA
730, Shawn Fry ,matthewmartin@example.net,-6579832632,SHELBYSTAD,vietnam
731, Nichole Campbell ,saraberger@example.com,-8236803401,Austinton,faroe islands
732,charles jackson,yclarke@example.net,-9920579560, South Nicoleport ,GUERNSEY
733,ERIC RIVERA,cooperdeanna@example.com,,MELISSABERG, Yemen 
734,STEVEN HERNANDEZ,ritawilliams@example.com,-8598377238,Emilytown,argentina
735,Tammy Simon,djackson@example.com,-7236096416,Jenniferport,Lithuania
736,DAVID ALLEN,james37@example.com,-8693724704,Richardport, Marshall Islands 
737,Amanda Campbell MD,maddoxsheila@example.org,-9570126476,Susanmouth,MOLDOVA
738,raven stewart,susan59@example.org,-6611573620,SOUTH CHADMOUTH,mali
739,LAUREN SANDERS,barry58@example.com,-9784716203, Andersonmouth ,norfolk island
740,lisa thomas,morgansarah@example.net,-8763767497,Willisbury,Swaziland
741,susan torres,terrybrian@example.net,12345, Port Derrickborough , Maldives 
742, Matthew King ,ryanamy@example.com,-8836762355,Joborough,luxembourg
743,james neal,veronicaoneill@example.net,-7498851573,new jamesborough, Saint Helena 
744,Danielle Lewis,josejones@example.net,-9185546635, New Justin ,venezuela
745, Vincent Barrera ,joshuaharris@example.net,-8045063242, Lake Stevenville ,SRI LANKA
746,MELISSA MERRITT,vsullivan@example.net,-6570135376,GRAHAMTON,
747, Dave Johnson ,kelly27@example.com,-8410805795,West Anthonyside,Libyan Arab Jamahiriya
748, Ralph Li ,yking@example.com,-7438342040,powellport, South Africa 
749,JUSTIN KNIGHT,rodney94@example.net,-9088364222, Rebeccaside ,ANTARCTICA (THE TERRITORY SOUTH OF 60 DEG S)
750,terry hill,jenniferwashington@example.org,-8824858117,Michaelburgh, Albania 
751,Teresa Ruiz,carrienelson@example.net,-7711137339, South Rebeccafort ,ISLE OF MAN
752,Alexander Murphy,mitchellsarah@example.com,-6809036805, Hernandezhaven ,ISRAEL
753,Catherine Carey,obrienanthony@example.org,-8148525684,EAST NATHANCHESTER,FRENCH SOUTHERN TERRITORIES
754, Andrew Harper ,john80@example.net,-9704320533, Buckland ,Morocco
755, Joseph Taylor ,welchjamie@example.net,-6718782802,LAKE BRYCEBERG,vanuatu
756, Alison Johnson ,shawn49@example.org,-6245723655, New Timothyville ,Kuwait
757,kendra martinez,wilsonandrea@example.org,-8714271571,shelleyshire,Kyrgyz Republic
758,Alicia Jackson,jamesturner@example.com,-6606692282,south douglasview,Vanuatu
759, Angela Gardner ,ayalaanna@example.net,-6342487807,MCGRATHTOWN, Guadeloupe 
760,kimberly johnson,christinakey@example.org,-6692168858, Brittanyport ,guernsey
761,Suzanne Chavez,martinchristopher@example.net,9663718435, Angelaborough ,TUVALU
762,julie wilson,psmith@example.com,-8173664204, East Heatherside , Seychelles 
763,Catherine Huang,anthonyhall@example.net,-6135095428, Brooksborough ,singapore
764,KAREN WALKER,vallen@example.net,-6581773596,east bradley, Montenegro 
765,TRACY REYES,chad03@example.org,-8611759377,Lunaberg,GUYANA
766,Timothy Snyder,amy96@example.net,-9065128756, East Deborahberg , Christmas Island 
767,Juan Watts,kathrynlopez@example.com,-6983085931, East Anna ,YEMEN
768,Kim Robertson,karasmith@example.com,-8694336412,East Tony,Equatorial Guinea
769, Amy Taylor ,johnnyrodriguez@example.com,-8135701697,JACOBVILLE,Panama
770,andrew ramsey,tsmith@example.com,-6237428120, Amyland , Benin 
771,MATTHEW YORK,derek54@example.net,-8291149050,LAKE ANDREABERG, Norfolk Island 
772,mary king,lauren50@example.com,9990775442,port david,russian federation
773,jessica freeman,hbailey@example.org,-7167653072, Lake Patriciashire , Christmas Island 
774,KAYLA DUNN,vincenthill@example.org,-8541359268, South Mariaport ,NIGERIA
775,Tracy Powell,tracysmith@example.com,-6465087689,richardbury, Barbados 
776,cindy jennings,ericdavenport@example.com,-7491202823,West Jaredton,Mauritius
777,JOSEPH POWELL,zhall@example.com,-7532601653,South Michelleport, Tunisia 
778,Hunter Webb,patrickreed@example.net,-9133206194,huntstad,Madagascar
779,SHEILA HERNANDEZ,aprilwatkins@example.net,-7014525199,SOUTH SAMANTHA,bosnia and herzegovina
780,calvin turner,smithmisty@example.org,-7783042332,thomasville, Malaysia 
781,nicholas mendoza,kristina42@example.org,-7205143528, New Michelle , French Guiana 
782,Dennis Murphy,benjamin17@example.com,-7104780782, West Marissa ,Lebanon
783,JAMES MARTIN,nhampton@example.com,-9966994565,LAKE HEATHER, Singapore 
784,RAYMOND PHILLIPS,gilbertjames@example.org,-7218548741,tuckerbury,ireland
785,amanda klein,morgancourtney@example.org,-7503998275, Port Matthewland ,Korea
786,JOHN HANCOCK,osoto@example.com,-8078968760,South Jeffreystad,Brazil
787,crystal thomas,bwashington@example.net,-6466994054, Grahamton ,bahamas
788, Mark Stone ,aaron99@example.com,-6865688704,LAKE TREVORBURY,ukraine
789,andrew green,wdunn@example.org,-7646401487, Denniston ,NORWAY
790,catherine lewis,omiller@example.net,, North Richard ,Uruguay
791,Billy Larson,charlesvasquez@example.com,-7511975043,hernandezside,TURKS AND CAICOS ISLANDS
792,Allison Kelley,wilsonerik@example.org,-9681320815,,BOUVET ISLAND (BOUVETOYA)
793,sharon cline,kellytaylor@example.org,-7341674272,Jonesshire,Cook Islands
794,anna hansen,nguyenjeffrey@example.net,-6604253738,ALEXANDRASIDE,austria
795,REBECCA WILLIAMS,zwade@example.com,-9582481953,Port Natashaview,saint barthelemy
796,MICHAEL ALVARADO,kellysantos@example.com,-6160196433, East Zacharyton , Palau 
797,DR. TRACY TORRES,karen90@example.org,-7026387304,PORTERTOWN, Samoa 
798,monique burton,wooddavid@example.net,-7832606714,Port Patrick,PANAMA
799,MICHAEL HORTON,heather74@example.net,-7123355542, East Stacy , Moldova 
800,tracey harrington,jonathan43@example.org,-9492263313,Catherineborough,Christmas Island
801,david nguyen,ncastaneda@example.net,-7323240297,douglaston,SAINT BARTHELEMY
802,ashley moreno,qnunez@example.com,-7587674516, East Emily ,MONTENEGRO
803,joseph jones,shernandez@example.org,-9044453765,DANIELVIEW,Ireland
804,Alan Hogan,,-8768491289, Granthaven , Estonia 
805,steven tyler,test@.com,-7921521739,port michaelstad,ICELAND
806, Dakota Chung ,xcook@example.net,-7599856142, Lake Gabrielbury ,SAINT BARTHELEMY
807,melissa meyer,alexandria79@example.org,-9365153890,Trevinoton,panama
808,heather rice,haleyshannon@example.com,-7459790481,east jeffrey, Georgia 
809,alex evans,robertmitchell@example.com,-9189100427,EAST MICHELLE,hong kong
810,MR. SEAN GLASS,joanna90@example.org,-9889130964, East Melissamouth , Saudi Arabia 
811, Sara Walker ,clayandrea@example.com,-9890260879,DAISYMOUTH,MICRONESIA
812,Mark Compton,ufields@example.net,-7940667952,WEST HOLLYTON,Cape Verde
813,Jose Wolf,samanthafernandez@example.org,-6059739949,west alexanderburgh,Nigeria
814, Pamela Thompson ,ythomas@example.org,-7023238852,PORT MICHAELSIDE,Colombia
815,DR. PAUL ELLISON,patricia77@example.net,-8838471272,NEW ELIZABETH,lithuania
816, Kathy Ford ,robertcastillo@example.org,-6341208443,HEATHERFURT,french guiana
817,emily decker,tayloralexa@example.com,-6010682041,PORT JASON,Brazil
818, Tara Carpenter ,tstephens@example.com,-6316524856,South Roberthaven, United States Virgin Islands 
819,Logan Adams,nicholas05@example.net,-8078507318, Chasestad ,sweden
820,Tanya Stephens,ricebrian@example.com,-9972199461,Lake Chaseport,UNITED STATES VIRGIN ISLANDS
821, David Padilla ,michael52@example.org,-8659980205,TAYLORCHESTER,uruguay
822, Heather Reid ,jenniferbartlett@example.com,-7038777548, West Joseph ,SENEGAL
823,Candace Coleman,destinyharris@example.org,-7104726062,west kaylee,Gibraltar
824,james jacobs,kayla17@example.org,-7002544315,lake michaelmouth,belize
825,SAMUEL GIBBS,kingstephen@example.net,-9980596839,fowlerview,Myanmar
826,ANN FORD,lindseywilliams@example.net,-6965778903,Jonesland, Saint Helena 
827,christopher patterson,nashjill@example.com,-6205858950, New Cody , Djibouti 
828,mark brewer,eespinoza@example.com,-7414769362,LAKE DAWN,marshall islands
829,Jonathan Roman,christopher25@example.org,-6604150983,EAST KATHERINEPORT,
830,JENNIFER LAWSON,qstanton@example.net,-8088519129, Lake Brettberg ,ROMANIA
831,Michelle Fox,rosalestiffany@example.org,-6013073978,ANGELACHESTER,Bangladesh
832,craig cooper,millererin@example.org,-9462372676,west matthew,SVALBARD & JAN MAYEN ISLANDS
833,Thomas Erickson,brian74@example.net,-6275363487,West Tracy,Eritrea
834,william torres,christineharris@example.net,-9789822540,Douglasfort,CAMBODIA
835,BRUCE CRAWFORD,grichardson@example.net,-8204773197, New Katrina ,BOSNIA AND HERZEGOVINA
836, Rebecca Perez ,debra65@example.org,-6888659981,dixonshire,Haiti
837,JENNIFER CARRILLO,sullivanronald@example.net,-6958557285, South Charlesmouth ,GREECE
838,emily nichols,zaustin@example.net,-7984084349, East Kaitlyn ,GUERNSEY
839, Jacob Hernandez ,jeffrey96@example.net,-8804634162,LAKE NICOLE,SOLOMON ISLANDS
840, Alexander Hall ,gomezjoseph at example.net,-8197832490,West Derrick,sao tome and principe
841, Jennifer Henry ,alvaradojerry@example.com,-7999210214,LAKE ANGELASHIRE,gambia
842,todd alexander,haileyjohnson@example.net,-9599072491,RONNIEHAVEN,nepal
843,CAMERON ALLEN,campbelldavid@example.org,-6018381249, Lindseyport , Chad 
844,frederick gutierrez,umiller@example.com,-9952707811,BRITTANYFURT, Japan 
845,JESSICA LEE,melissa21@example.org,-8615844618,robertsshire, Iceland 
846,ERIC SANTOS,pamela11@example.com,-8480184450,SOUTH NICHOLASBURY,mongolia
847,kenneth mendez,christopher07@example.org,-6103650055,EAST JOHN,MONACO
848,Amy Howe,qwarner@example.org,-8401250126, Munozfurt ,liberia
849,MARIA MARTINEZ,ywagner@example.net,-9147627029,east jessica,ISRAEL
850,JUSTIN ALLEN,aaron77@example.com,-8644540799,MARKSIDE, Bulgaria 
851,william watson,wesley70@example.org,-7731036078,north levitown,GAMBIA
852,Lawrence Olson,david33@example.org,-9927065284, Kristinside ,mozambique
853,Lisa Hunter,uwright@example.org,-8027570213,NORTH FERNANDOSIDE, Saint Barthelemy 
854,David Hernandez,kathygomez@example.com,-6936972856,east cassandra,IRAQ
855,Barbara Dudley,vcarter@example.net,-8614893413,NORTH SHARI,Jersey
856,Lindsey Garcia,daviselizabeth@example.org,-6528558487, North Erica ,CAMEROON
857,sherry mendoza,patriciavaughan@example.org,-8096212177,ROSSLAND,NEW ZEALAND
858,scott torres,test@.com,-8704661149,East Shawnmouth,Serbia
859,kent fox,zflynn@example.net,-6946603626, Port Miranda ,SAINT HELENA
860, Jessica Koch ,ysanchez@example.org,-8173801731,new toddside,Germany
861,susan campbell,lrodriguez@example.net,-7708357876,Riceville,Madagascar
862,samantha rodriguez,flemingtimothy@example.net,-8147654498,N/A, Serbia 
863, Douglas Black ,sandraallen@example.net,-7341238236,smithhaven,marshall islands
864,STEVEN LONG,amanda15@example.net,-6987869552,Port Jamesfurt,NEW ZEALAND
865,michael smith,murrayjoseph@example.com,-8248135090, Ayalahaven , Zimbabwe 
866,BENJAMIN PATEL,danielleflynn@example.com,-7844657804,lake jasonside, Svalbard & Jan Mayen Islands 
867,timothy kim,timothythomas@example.net,-7068679346,,yemen
868,CARL GARCIA,renee78@example.com,-7468036669,Edwardshire,Norway
869, Jacqueline Glover ,thomas64@example.net,-6797277979,marthahaven,christmas island
870,brandon chandler,jesus36@example.net,-7666778230,NORTH MELISSA,Nauru
871,Cynthia Lee,saundersgail@example.org,-7775912812,port karenburgh, French Southern Territories 
872,ROBERT FULLER,dorothyrodriguez@example.com,-6063896595,west jessicaton,North Macedonia
873, William Miller PhD ,jose30@example.net,-9760789256, Alexisfort ,saudi arabia
874, Barbara Meyer ,teresahughes@example.org,-8351717105,South Stephen,Malta
875, Joseph Jones ,halerobert@example.net,-6684660346,LAKE WILLIAMTOWN, South Georgia and the South Sandwich Islands 
876,MARVIN MCCLURE,arroyoabigail@example.net,-9806159585,NORTH NICHOLAS,french polynesia
877,Nancy Fox,susanschmidt@example.com,-7885169497,CLARKVIEW, Slovakia (Slovak Republic) 
878, Kristen Baker ,charles88@example.org,-7379558842,NORTH LISAMOUTH,Guinea
879,Gina Pineda,wwhitehead@example.org,-8201616088,Allenview,cayman islands
880,GORDON WHITE,jeffreyvega@example.org,-8855688648,port billy,MONACO
881, Nicole Kemp ,jennifer27@example.net,-8249522274,SCHNEIDERTOWN,Netherlands Antilles
882,kevin gibson,peter40@example.org,-6866967324, South Andrewburgh ,suriname
883,christopher vance,mariewright@example.com,-9930520852,RANDYBERG,Peru
884,kelly david,mshelton@example.net,, South Richardmouth ,Lao People's Democratic Republic
885,Wesley Lee,brian19 at example.net,-8627862120, Mitchellstad ,Somalia
886, Tiffany Clayton ,tina26@example.net,-9442414394,STEVENPORT,benin
887, Katherine Villa ,laura19@example.net,-7504744310,North Robinport,ANGUILLA
888, Virginia Bowen ,jaime31@example.net,-8480358141,Dawnport,ARGENTINA
889,jennifer myers,urodriguez@example.com,-9521633599, South Kim ,cape verde
890,LISA JACKSON,miranda91@example.org,-6203998501, West Martin ,nicaragua
891,ANGELA MORALES,jonesamanda@example.com,-7278625369,South Ronald,NETHERLANDS ANTILLES
892,Mitchell Morris,ggreen@example.org,-9253437970,RYANVILLE,Nauru
893, George Gardner ,jennifer84@example.org,-9649537024,PORT STEPHEN,Lao People's Democratic Republic
894,Angel Peterson,ahunt@example.com,-6146967548,FRIEDMANSIDE,northern mariana islands
895,KELLY CAMPBELL,monica72@example.org,-9097185041,SHERRYVILLE, Spain 
896,david perkins,lewiswendy@example.org,-8613179022,north juan,faroe islands
897, Maria Mcdaniel ,christinacruz@example.net,-8855849033, Buckburgh ,germany
898,LOUIS SANDERS,ashleyjacobs@example.org,-8442835028, Wadeport ,Korea
899,CHELSEA TRAN,joyenglish@example.com,-8231372634, West Sarachester ,SWITZERLAND
900,shawn owens,donald69@example.org,-9603452754, Huangville ,russian federation
901, Zachary Schwartz ,ashley14@example.net,-6710682156, North Lauren ,GUERNSEY
902,victoria sanders,smithalicia@example.org,-6386802002,WARDVIEW,
903,mrs. christina callahan md,thomastorres@example.org,-9104090622,ALVAREZBURGH,GRENADA
904,HECTOR PALMER,fordsarah@example.org,-6436096080, Lake David ,KYRGYZ REPUBLIC
905,Nicole West,georgeellis@example.org,-8631172226,shermanfort, Gabon 
906,AMY HUGHES,robersoncaroline@example.net,-8929419943,West Sylvia, Afghanistan 
907,Dave Reynolds,michele73@example.org,-8852166947,East Jeremyfurt, Christmas Island 
908, Kendra Peterson ,jeffrey12@example.net,-6522588899, South Michaelview ,BOLIVIA
909,JAMES MCMILLAN,carlfranklin@example.com,-9260446963,NEW BRYAN,Tunisia
910, Eric Morales ,cynthiarodriguez@example.net,-6155362796,East Jenniferstad,SUDAN
911,John Lewis,bryanmiller@example.org,-7213825265, South Jennifer ,nepal
912,Megan Vasquez,powersdaniel@example.net,-8460390719,Craigstad,PALAU
913,john maxwell,hugheslori@example.org,-6363432088,East Karen,FINLAND
914,Amanda White,nvaughn@example.net,-9679287256,Andersonborough,Faroe Islands
915,Austin Bryant,jesse42@example.org,-7368218761, New Davidland ,Serbia
916,miranda martinez,amandajackson@example.org,-7407633860,south sandra,tunisia
917,Ashley Caldwell,tonybrown@example.com,-7193609480,jamestown,United Arab Emirates
918,John Barr,brenda87@example.com,-8289612698,JENNYTOWN,SINGAPORE
919, William Ayers ,jmoreno@example.com,-7979699018,CINDYBURY,saint lucia
920, Nicole Pittman ,stevennguyen@example.org,-9428623824, Marciamouth ,Cameroon
921, David Robertson ,zperry@example.org,-8055032609,Lake Erinfurt,ANTIGUA AND BARBUDA
922,andrew lynch,vwilliams@example.org,-9269963726,EAST ALEXANDERHAVEN, Nigeria 
923,SHANNON GLOVER,test@.com,-7387016759, Leeview ,Brazil
924, Jennifer Beck ,wjimenez@example.org,-8657031178,Lisamouth,greenland
925,Elizabeth Murray,kmccarthy@example.com,-8193599309, Tuckerbury ,oman
926,james ball,lisagarcia@example.com,-7787992602, North Shannon ,MONGOLIA
927,JOSHUA JOHNSON,twright@example.com,-8592463333,west jake, Kiribati 
928,paul coffey,pvance@example.com,-8197198356,Lake Rachel, Samoa 
929,Steven Ochoa,achambers@example.com,-6781322638, East Brianna ,BOLIVIA
930,Elizabeth Leonard,sherri96@example.com,-6904184925,ortegaport,SAINT MARTIN
931,N/A,carolyngarcia@example.org,-6363751592,gonzalezstad,KUWAIT
932,ANTHONY HERNANDEZ,kwatson@example.net,-8454935783,EAST JOHN, Barbados 
933,Mr. Danny Brooks,wkramer@example.org,-6123181409,keithbury,United Arab Emirates
934,Lauren Hayes,debra42@example.net,,Victorchester,tuvalu
935,Carmen Cardenas,lisasims@example.com,-9421448753,Kristenmouth,seychelles
936,DERRICK HAMILTON,lori59@example.net,-7016660149, Royfurt ,Jordan
937,Dennis Ortiz,taylorjackson@example.com,-8049314046,PORT PATRICKBOROUGH,GIBRALTAR
938, Mark Finley ,zallen@example.org,-8640927657,TIMOTHYFURT,China
939,Victoria Jackson,amberdillon@example.net,-7470061481,Codyview,MONTSERRAT
940,KRISTEN VALDEZ,taylorphillip@example.com,-7517100173,West Maria,CHILE
941,VERONICA PARKER,michellegarcia@example.org,-8175669699, Berryland ,Swaziland
942, Andrea Martin ,russellshawn@example.com,-7358377557,North Jeffrey,GABON
943,LORI LITTLE,lawrence25@example.com,-6506786288,EAST BRANDY,URUGUAY
944,Steven Perez,hallen@example.net,-6190464894,TINAMOUTH,dominican republic
945,samantha smith,smithmichelle@example.com,-6930894273,North Saraport,AFGHANISTAN
946,william miller,wardchristina@example.org,-7991989867, Joshuaview , Singapore 
947,BENJAMIN ADAMS,paulduncan@example.net,-9346434449, West Michael ,united arab emirates
948,MEGAN COOK,robert89@example.org,-7503327499,WEST MARKVILLE,New Caledonia
949,randall bowen,christophertyler@example.com,-7715245542,West Justinville,guernsey
950,Danielle Smith,heatherholmes@example.net,-8199029661,EAST ERICTON,MALAYSIA
951,veronica stevens,jennifervelazquez@example.org,-9182361040,PAULSIDE, Vietnam 
952, Tammy Elliott ,perezleslie@example.com,-7637991928,ERICABOROUGH,papua new guinea
953,MOLLY COOK,maciasmichael@example.net,-6107597596, Port Julie ,Palestinian Territory
954,lisa blevins,brianwilson@example.net,-6947895817,PATRICIACHESTER,GRENADA
955,NICHOLAS MATTHEWS,fdavis@example.org,-7588727441,Sharontown,TURKEY
956,Thomas Williams,reyesdakota@example.com,-9766113039, West Amber , Ecuador 
957,darlene guerrero,brent26@example.net,-7215783857,Randyview, Fiji 
958,Shawn Phillips,mistystanley@example.net,-6735944102,East Debraville,LAO PEOPLE'S DEMOCRATIC REPUBLIC
959,CHRISTINA HALE,stephenday@example.org,-8690526170, Port Jennyton , Hong Kong 
960,caroline johnston,april49@example.com,-9646471247,andrewsport,zimbabwe
961,JASON ANDERSON,marklevine@example.com,-9428271809, Lake Samantha ,FRENCH POLYNESIA
962,ERIC MILLER,millersusan@example.com,-8828629958,WEST KYLELAND,greenland
963,Erin Perry,harpercarmen@example.com,-9925058487,JENNIFERBOROUGH,BERMUDA
964, Kelsey Blankenship ,thomasbennett@example.com,-9549616709,New Marytown,UNITED STATES MINOR OUTLYING ISLANDS
965,JAMES BOYD,jamescalderon@example.com,-9993585983,JAMIEBURY,Malta
966,nancy martin,justin41@example.org,-6359642665,South David,Saint Helena
967,christopher brown,john11@example.net,-7118333558,Pettyburgh, Central African Republic 
968,BERNARD HOOD,nkent@example.org,-9914467822,LAKE TANYASIDE,seychelles
969,Miguel Ruiz,gregory86@example.com,-9733672708, North Amandabury ,SOUTH AFRICA
970,Cole Monroe,ronaldbernard@example.org,-8423784687, East Cynthiaborough , Italy 
971,debra boone,vegaelizabeth@example.com,-9811603143,ROBERTBURY, French Guiana 
972,PAUL MILLER,bchavez@example.net,-9553795876,north kevinstad,
973,AMANDA ATKINSON,nstuart@example.com,-9523034764,CASSANDRABOROUGH,Cape Verde
974,Lisa Butler,lori70@example.com,-9234708293,South Randallmouth,macao
975, Jacqueline Ballard ,hubbardnicholas@example.net,-6543220761,GOODBOROUGH,Lao People's Democratic Republic
976,KATRINA DECKER,leematthew@example.org,-7211719951,Johnfurt,PANAMA
977,Nathan Edwards,udennis@example.org,-9479607348, Lake Robert ,Costa Rica
978,KIMBERLY STAFFORD,katierosario@example.org,-6582893425,Gonzalezmouth, Paraguay 
979,DAVID CHAMBERS,bhernandez@example.org,-6472492500,Jacobland,Anguilla
980,Kendra Kim,collinschristopher@example.net,-9494710017, New Jeremiah ,GEORGIA
981, Tyler Jones ,olivia34@example.org,-8709231200,new kellyshire,MAYOTTE
982, Mary Andrews ,tyroneboone@example.com,-9188897108, Christineborough ,kazakhstan
983,JENNIFER CLINE,rebecca90@example.org,-6497352797, Bradburgh , Sierra Leone 
984,ANTHONY THOMPSON,tmatthews@example.org,-6597385210,NEW ERIKHAVEN, Guam 
985,KRYSTAL FORD,stephaniedixon@example.net,-6940440995,lake kimberly,Seychelles
986, Renee Shannon ,wthompson@example.org,-6330748091,New Tanyafurt,GAMBIA
987,JONATHAN PETERSON,kbarnes@example.net,-9786003694,new sarah,andorra
988,MATTHEW LEE,cindythompson@example.net,-6508763909, Jordantown , Cuba 
989,Wayne Gay,martinezmelvin@example.net,-6981933956,NEW KENNETH,slovakia (slovak republic)
990,MIGUEL RIVERA,patrick49@example.net,-9886468812, Lake Edward ,qatar
991,Amanda Arnold,debraholmes@example.org,-9077185096, East Christinaview ,JERSEY
992,matthew green,omartinez@example.com,-9774179957,Cohenbury,kuwait
993,JEAN SWANSON,kimberly86@example.net,-6270278765, South Taylorhaven ,norfolk island
994,JAMES WAGNER,fisherthomas@example.net,-8543254129,South Sara,Mongolia
995,james martinez,rachelwilliams@example.com,-7332190923, South Richardville ,SAINT MARTIN
996,michelle cortez,craigwaters@example.org,-9632348520,south christopher,Honduras
997,Michele Lucas,courtney62@example.org,-8193217930,kennethshire,SAINT MARTIN
998,TYLER SANDERS,bryanfox@example.com,-6687136288,isaiahmouth,tokelau
999,GLENN DAY,andrea14@example.com,-9478009220, Kelseyberg ,SAINT MARTIN
1000,Mariah Foley,david95@example.net,-9018696528,port tyrone,israel
